league,position,team,matches,seasons,first_match,last_match,corners_for_avg,corners_against_avg,corners_total_avg,shots_for_avg,shots_on_for_avg,raw_index,ci,grade,enough_data,corners_for,corners_against,shots_for,shots_against,league_id,team_id
Bundesliga (Германия),1,Hamburg,34,2025/26,2025-08-24,2026-05-16,3.68,5.85,9.53,12.29,4.56,3.344,100.0,A+,True,125,199,418,494,D1,
Bundesliga (Германия),2,Holstein Kiel,34,2024/25,2024-08-24,2025-05-17,3.53,6.59,10.12,10.79,4.15,3.058,71.7,A,True,120,224,367,550,D1,
Bundesliga (Германия),3,Freiburg,68,2024/25+2025/26,2024-08-24,2026-05-16,4.0,4.25,8.25,12.06,4.22,3.015,67.4,B,True,272,289,820,902,D1,
Bundesliga (Германия),4,Bayern Munich,68,2024/25+2025/26,2024-08-25,2026-05-16,6.4,3.06,9.46,19.0,8.21,2.97,62.9,B,True,435,208,1292,590,D1,
Bundesliga (Германия),5,FC Koln,34,2025/26,2025-08-24,2026-05-16,4.62,5.53,10.15,13.38,4.59,2.898,55.8,B,True,157,188,455,464,D1,
Bundesliga (Германия),6,M'gladbach,68,2024/25+2025/26,2024-08-23,2026-05-16,4.21,5.07,9.28,11.88,4.51,2.825,48.6,C,True,286,345,808,1062,D1,
Bundesliga (Германия),7,RB Leipzig,68,2024/25+2025/26,2024-08-24,2026-05-16,5.01,4.91,9.93,13.88,5.24,2.768,42.9,C,True,341,334,944,911,D1,
Bundesliga (Германия),8,Werder Bremen,68,2024/25+2025/26,2024-08-24,2026-05-16,4.63,4.88,9.51,12.72,4.22,2.746,40.7,C,True,315,332,865,931,D1,
Bundesliga (Германия),9,Ein Frankfurt,68,2024/25+2025/26,2024-08-24,2026-05-16,4.81,4.81,9.62,13.04,5.0,2.713,37.5,C,True,327,327,887,887,D1,
Bundesliga (Германия),10,Augsburg,68,2024/25+2025/26,2024-08-24,2026-05-16,4.59,5.31,9.9,12.41,4.1,2.705,36.7,C,True,312,361,844,953,D1,
Bundesliga (Германия),11,Heidenheim,68,2024/25+2025/26,2024-08-25,2026-05-16,4.32,4.97,9.29,11.69,3.78,2.704,36.6,C,True,294,338,795,978,D1,
Bundesliga (Германия),12,Bochum,33,2024/25,2024-08-24,2025-05-17,4.82,5.36,10.18,12.85,4.15,2.667,32.9,C,True,159,177,424,459,D1,
Bundesliga (Германия),13,Wolfsburg,68,2024/25+2025/26,2024-08-25,2026-05-16,4.65,6.34,10.99,12.37,4.24,2.661,32.3,C,True,316,431,841,993,D1,
Bundesliga (Германия),14,Stuttgart,68,2024/25+2025/26,2024-08-24,2026-05-16,5.49,4.49,9.97,14.49,5.76,2.641,30.3,C,True,373,305,985,812,D1,
Bundesliga (Германия),15,Union Berlin,67,2024/25+2025/26,2024-08-24,2026-05-16,4.7,4.85,9.55,12.22,3.78,2.6,26.3,D,True,315,325,819,846,D1,
Bundesliga (Германия),16,Hoffenheim,68,2024/25+2025/26,2024-08-24,2026-05-16,5.21,5.18,10.38,13.51,4.85,2.596,25.9,D,True,354,352,919,897,D1,
Bundesliga (Германия),17,Leverkusen,68,2024/25+2025/26,2024-08-23,2026-05-16,5.97,3.75,9.72,15.03,5.41,2.517,18.0,D,True,406,255,1022,772,D1,
Bundesliga (Германия),18,Dortmund,68,2024/25+2025/26,2024-08-24,2026-05-16,5.47,4.07,9.54,13.59,4.82,2.484,14.8,D,True,372,277,924,737,D1,
Bundesliga (Германия),19,Mainz,68,2024/25+2025/26,2024-08-24,2026-05-16,4.94,4.84,9.78,12.15,4.28,2.458,12.2,D,True,336,329,826,940,D1,
Bundesliga (Германия),20,St Pauli,68,2024/25+2025/26,2024-08-25,2026-05-16,4.56,4.84,9.4,10.65,3.35,2.335,0.0,D,True,310,329,724,801,D1,
La Liga (Испания),1,Leganes,38,2024/25,2024-08-17,2025-05-24,2.97,6.37,9.34,9.13,3.11,3.071,100.0,A+,True,113,242,347,570,SP1,
La Liga (Испания),2,Levante,38,2025/26,2025-08-16,2026-05-23,4.26,5.92,10.18,12.55,3.89,2.944,88.0,A+,True,162,225,477,583,SP1,
La Liga (Испания),3,Betis,76,2024/25+2025/26,2024-08-15,2026-05-23,4.84,4.7,9.54,14.04,4.91,2.899,83.8,A,True,368,357,1067,886,SP1,
La Liga (Испания),4,Villarreal,76,2024/25+2025/26,2024-08-19,2026-05-24,4.5,4.82,9.32,12.93,4.62,2.874,81.5,A,True,342,366,983,970,SP1,
La Liga (Испания),5,Elche,38,2025/26,2025-08-18,2026-05-23,3.79,4.5,8.29,10.79,3.82,2.847,78.9,A,True,144,171,410,526,SP1,
La Liga (Испания),6,Celta,76,2024/25+2025/26,2024-08-16,2026-05-23,3.87,4.39,8.26,10.92,4.34,2.823,76.6,A,True,294,334,830,877,SP1,
La Liga (Испания),7,Mallorca,76,2024/25+2025/26,2024-08-18,2026-05-23,3.75,6.32,10.07,10.51,3.58,2.804,74.9,A,True,285,480,799,1100,SP1,
La Liga (Испания),8,Osasuna,76,2024/25+2025/26,2024-08-17,2026-05-23,4.18,4.91,9.09,11.46,3.72,2.739,68.7,B,True,318,373,871,942,SP1,
La Liga (Испания),9,Real Madrid,76,2024/25+2025/26,2024-08-18,2026-05-23,6.34,3.95,10.29,17.07,6.62,2.691,64.2,B,True,482,300,1297,813,SP1,
La Liga (Испания),10,Espanol,76,2024/25+2025/26,2024-08-19,2026-05-23,4.24,5.41,9.64,11.04,3.47,2.606,56.2,B,True,322,411,839,1086,SP1,
La Liga (Испания),11,Barcelona,76,2024/25+2025/26,2024-08-17,2026-05-23,6.93,4.17,11.11,18.03,6.67,2.6,55.6,B,True,527,317,1370,644,SP1,
La Liga (Испания),12,Las Palmas,38,2024/25,2024-08-16,2025-05-24,4.21,5.21,9.42,10.79,3.71,2.562,52.1,B,True,160,198,410,537,SP1,
La Liga (Испания),13,Oviedo,38,2025/26,2025-08-15,2026-05-23,3.95,5.55,9.5,10.0,3.13,2.533,49.3,C,True,150,211,380,565,SP1,
La Liga (Испания),14,Getafe,76,2024/25+2025/26,2024-08-15,2026-05-23,4.08,4.25,8.33,10.33,3.07,2.532,49.2,C,True,310,323,785,792,SP1,
La Liga (Испания),15,Vallecano,76,2024/25+2025/26,2024-08-18,2026-05-23,5.5,5.13,10.63,13.76,4.61,2.502,46.4,C,True,418,390,1046,933,SP1,
La Liga (Испания),16,Sevilla,76,2024/25+2025/26,2024-08-16,2026-05-23,4.83,4.45,9.28,11.96,3.89,2.477,44.1,C,True,367,338,909,814,SP1,
La Liga (Испания),17,Girona,76,2024/25+2025/26,2024-08-15,2026-05-23,4.49,4.8,9.29,10.82,3.99,2.411,37.9,C,True,341,365,822,1013,SP1,
La Liga (Испания),18,Ath Bilbao,76,2024/25+2025/26,2024-08-15,2026-05-23,5.43,3.96,9.39,13.05,4.28,2.402,37.0,C,True,413,301,992,705,SP1,
La Liga (Испания),19,Alaves,76,2024/25+2025/26,2024-08-16,2026-05-23,4.95,4.78,9.72,11.42,3.78,2.309,28.2,D,True,376,363,868,871,SP1,
La Liga (Испания),20,Ath Madrid,76,2024/25+2025/26,2024-08-19,2026-05-24,5.74,4.04,9.78,12.71,4.95,2.216,19.5,D,True,436,307,966,830,SP1,
La Liga (Испания),21,Valencia,76,2024/25+2025/26,2024-08-17,2026-05-23,4.99,4.89,9.88,10.97,3.25,2.201,18.1,D,True,379,372,834,875,SP1,
La Liga (Испания),22,Valladolid,38,2024/25,2024-08-19,2025-05-24,4.11,5.13,9.24,8.82,2.84,2.147,13.0,D,True,156,195,335,597,SP1,
La Liga (Испания),23,Sociedad,76,2024/25+2025/26,2024-08-18,2026-05-23,5.62,4.62,10.24,11.29,4.05,2.009,0.0,D,True,427,351,858,966,SP1,
Ligue 1 (Франция),1,Lorient,34,2025/26,2025-08-17,2026-05-17,3.53,5.38,8.91,11.35,3.94,3.217,100.0,A+,True,120,183,386,378,F1,
Ligue 1 (Франция),2,Reims,34,2024/25,2024-08-17,2025-05-17,3.94,5.79,9.74,11.65,3.32,2.955,73.3,A,True,134,197,396,495,F1,
Ligue 1 (Франция),3,Brest,68,2024/25+2025/26,2024-08-17,2026-05-17,4.01,5.37,9.38,11.65,4.1,2.901,67.9,B,True,273,365,792,885,F1,
Ligue 1 (Франция),4,Paris SG,68,2024/25+2025/26,2024-08-16,2026-05-17,6.35,3.21,9.56,18.07,7.49,2.845,62.2,B,True,432,218,1229,614,F1,
Ligue 1 (Франция),5,Marseille,68,2024/25+2025/26,2024-08-17,2026-05-17,5.19,3.37,8.56,14.56,5.88,2.805,58.1,B,True,353,229,990,678,F1,
Ligue 1 (Франция),6,Nantes,68,2024/25+2025/26,2024-08-18,2026-05-17,3.91,5.9,9.81,10.63,3.5,2.718,49.2,C,True,266,401,723,868,F1,
Ligue 1 (Франция),7,St Etienne,34,2024/25,2024-08-17,2025-05-17,3.97,5.85,9.82,10.65,3.56,2.681,45.5,C,True,135,199,362,543,F1,
Ligue 1 (Франция),8,Paris FC,34,2025/26,2025-08-17,2026-05-17,4.38,5.56,9.94,11.68,3.97,2.664,43.7,C,True,149,189,397,425,F1,
Ligue 1 (Франция),9,Toulouse,68,2024/25+2025/26,2024-08-18,2026-05-17,4.59,4.4,8.99,12.13,4.41,2.644,41.7,C,True,312,299,825,749,F1,
Ligue 1 (Франция),10,Lens,68,2024/25+2025/26,2024-08-18,2026-05-17,5.85,3.94,9.79,15.47,5.16,2.643,41.6,C,True,398,268,1052,748,F1,
Ligue 1 (Франция),11,Le Havre,68,2024/25+2025/26,2024-08-16,2026-05-17,4.06,5.13,9.19,10.63,3.49,2.62,39.3,C,True,276,349,723,928,F1,
Ligue 1 (Франция),12,Strasbourg,68,2024/25+2025/26,2024-08-18,2026-05-17,4.18,4.72,8.9,10.93,4.44,2.616,38.9,C,True,284,321,743,889,F1,
Ligue 1 (Франция),13,Monaco,68,2024/25+2025/26,2024-08-17,2026-05-17,5.24,3.9,9.13,13.49,5.0,2.576,34.8,C,True,356,265,917,791,F1,
Ligue 1 (Франция),14,Nice,68,2024/25+2025/26,2024-08-18,2026-05-17,5.04,5.5,10.54,12.81,4.82,2.539,31.0,C,True,343,374,871,965,F1,
Ligue 1 (Франция),15,Auxerre,68,2024/25+2025/26,2024-08-18,2026-05-17,4.34,5.34,9.68,10.9,3.99,2.512,28.3,D,True,295,363,741,861,F1,
Ligue 1 (Франция),16,Angers,68,2024/25+2025/26,2024-08-18,2026-05-17,3.68,4.96,8.63,9.21,3.06,2.504,27.5,D,True,250,337,626,967,F1,
Ligue 1 (Франция),17,Lille,68,2024/25+2025/26,2024-08-17,2026-05-17,5.32,3.99,9.31,13.22,4.75,2.483,25.3,D,True,362,271,899,647,F1,
Ligue 1 (Франция),18,Rennes,68,2024/25+2025/26,2024-08-18,2026-05-17,5.49,4.18,9.66,13.44,4.9,2.45,22.0,D,True,373,284,914,832,F1,
Ligue 1 (Франция),19,Metz,34,2025/26,2025-08-17,2026-05-17,4.24,5.26,9.5,10.06,3.18,2.375,14.3,D,True,144,179,342,523,F1,
Ligue 1 (Франция),20,Montpellier,34,2024/25,2024-08-18,2025-05-17,4.68,5.29,9.97,10.91,3.47,2.333,10.1,D,True,159,180,371,528,F1,
Ligue 1 (Франция),21,Lyon,68,2024/25+2025/26,2024-08-18,2026-05-17,5.66,4.82,10.49,12.65,5.07,2.234,0.0,D,True,385,328,860,845,F1,
Premier League (Англия),1,Man United,76,2024/25+2025/26,2024-08-16,2026-05-24,5.03,4.83,9.86,14.78,5.13,2.94,100.0,A+,True,382,367,1123,856,E0,
Premier League (Англия),2,Crystal Palace,76,2024/25+2025/26,2024-08-18,2026-05-24,4.37,5.45,9.82,12.61,4.3,2.886,93.8,A+,True,332,414,958,929,E0,
Premier League (Англия),3,Wolves,76,2024/25+2025/26,2024-08-17,2026-05-24,3.67,5.87,9.54,10.54,3.72,2.871,92.1,A+,True,279,446,801,1001,E0,
Premier League (Англия),4,Leeds,38,2025/26,2025-08-18,2026-05-24,4.42,5.08,9.5,12.58,3.97,2.845,89.1,A+,True,168,193,478,476,E0,
Premier League (Англия),5,Sunderland,38,2025/26,2025-08-16,2026-05-24,3.71,5.29,9.0,10.39,3.32,2.801,84.0,A,True,141,201,395,542,E0,
Premier League (Англия),6,Brighton,76,2024/25+2025/26,2024-08-17,2026-05-24,4.92,4.83,9.75,13.53,4.83,2.749,78.1,A,True,374,367,1028,870,E0,
Premier League (Англия),7,Nott'm Forest,76,2024/25+2025/26,2024-08-17,2026-05-24,4.72,5.58,10.3,12.36,4.24,2.616,62.8,B,True,359,424,939,1036,E0,
Premier League (Англия),8,Ipswich,38,2024/25,2024-08-17,2025-05-25,3.82,6.63,10.45,9.89,3.34,2.593,60.2,B,True,145,252,376,607,E0,
Premier League (Англия),9,Everton,76,2024/25+2025/26,2024-08-17,2026-05-24,4.2,5.58,9.78,10.86,3.79,2.586,59.4,B,True,319,424,825,1013,E0,
Premier League (Англия),10,West Ham,76,2024/25+2025/26,2024-08-17,2026-05-24,4.49,5.8,10.29,11.58,3.79,2.581,58.8,B,True,341,441,880,1147,E0,
Premier League (Англия),11,Burnley,38,2025/26,2025-08-16,2026-05-24,3.63,6.0,9.63,9.34,3.11,2.572,57.7,B,True,138,228,355,636,E0,
Premier League (Англия),12,Fulham,76,2024/25+2025/26,2024-08-16,2026-05-24,5.17,5.04,10.21,13.18,4.09,2.55,55.2,B,True,393,383,1002,880,E0,
Premier League (Англия),13,Liverpool,76,2024/25+2025/26,2024-08-17,2026-05-24,6.38,4.05,10.43,16.26,5.34,2.548,55.0,B,True,485,308,1236,822,E0,
Premier League (Англия),14,Bournemouth,76,2024/25+2025/26,2024-08-17,2026-05-24,5.8,5.08,10.88,14.54,5.0,2.506,50.2,B,True,441,386,1105,967,E0,
Premier League (Англия),15,Man City,76,2024/25+2025/26,2024-08-18,2026-05-24,6.58,3.54,10.12,15.82,5.55,2.404,38.5,C,True,500,269,1202,724,E0,
Premier League (Англия),16,Leicester,38,2024/25,2024-08-19,2025-05-25,3.71,6.08,9.79,8.82,2.92,2.376,35.2,C,True,141,231,335,641,E0,
Premier League (Англия),17,Brentford,76,2024/25+2025/26,2024-08-18,2026-05-24,4.7,5.91,10.61,11.13,4.36,2.37,34.6,C,True,357,449,846,1151,E0,
Premier League (Англия),18,Chelsea,76,2024/25+2025/26,2024-08-18,2026-05-24,6.14,4.01,10.16,14.55,5.03,2.368,34.3,C,True,467,305,1106,813,E0,
Premier League (Англия),19,Arsenal,76,2024/25+2025/26,2024-08-17,2026-05-24,6.14,3.24,9.38,14.46,4.92,2.353,32.6,C,True,467,246,1099,672,E0,
Premier League (Англия),20,Newcastle,76,2024/25+2025/26,2024-08-17,2026-05-24,5.91,5.12,11.03,13.37,4.61,2.263,22.3,D,True,449,389,1016,943,E0,
Premier League (Англия),21,Southampton,38,2024/25,2024-08-17,2025-05-25,4.0,6.47,10.47,9.03,2.92,2.257,21.6,D,True,152,246,343,682,E0,
Premier League (Англия),22,Aston Villa,76,2024/25+2025/26,2024-08-17,2026-05-24,5.67,4.72,10.39,12.72,4.47,2.244,20.1,D,True,431,359,967,953,E0,
Premier League (Англия),23,Tottenham,76,2024/25+2025/26,2024-08-19,2026-05-24,5.93,5.05,10.99,12.28,4.41,2.069,0.0,D,True,451,384,933,987,E0,
Serie A (Италия),1,Como,76,2024/25+2025/26,2024-08-19,2026-05-24,4.43,3.54,7.97,14.04,4.93,3.166,100.0,A+,True,337,269,1067,726,I1,
Serie A (Италия),2,Juventus,76,2024/25+2025/26,2024-08-19,2026-05-24,5.21,4.14,9.36,15.17,5.49,2.912,75.1,A,True,396,315,1153,786,I1,
Serie A (Италия),3,Fiorentina,76,2024/25+2025/26,2024-08-17,2026-05-22,4.16,4.34,8.5,12.08,3.96,2.905,74.4,A,True,316,330,918,950,I1,
Serie A (Италия),4,Sassuolo,38,2025/26,2025-08-23,2026-05-24,3.76,4.97,8.74,10.68,3.74,2.839,67.9,B,True,143,189,406,548,I1,
Serie A (Италия),5,Milan,76,2024/25+2025/26,2024-08-17,2026-05-24,4.99,4.24,9.22,13.96,4.71,2.799,64.0,B,True,379,322,1061,868,I1,
Serie A (Италия),6,Bologna,76,2024/25+2025/26,2024-08-18,2026-05-23,4.72,3.71,8.43,13.2,4.2,2.794,63.5,B,True,359,282,1003,711,I1,
Serie A (Италия),7,Genoa,76,2024/25+2025/26,2024-08-17,2026-05-24,3.88,5.09,8.97,10.79,3.49,2.78,62.1,B,True,295,387,820,965,I1,
Serie A (Италия),8,Roma,76,2024/25+2025/26,2024-08-18,2026-05-24,4.82,3.74,8.55,13.32,4.63,2.765,60.6,B,True,366,284,1012,809,I1,
Serie A (Италия),9,Torino,76,2024/25+2025/26,2024-08-17,2026-05-24,4.0,4.89,8.89,10.97,3.68,2.743,58.5,B,True,304,372,834,1051,I1,
Serie A (Италия),10,Atalanta,76,2024/25+2025/26,2024-08-19,2026-05-22,5.37,3.71,9.08,14.55,4.86,2.711,55.3,B,True,408,282,1106,849,I1,
Serie A (Италия),11,Pisa,38,2025/26,2025-08-24,2026-05-23,3.55,4.82,8.37,9.61,2.79,2.704,54.7,B,True,135,183,365,549,I1,
Serie A (Италия),12,Venezia,38,2024/25,2024-08-18,2025-05-25,3.76,5.87,9.63,10.0,3.42,2.657,50.0,B,True,143,223,380,548,I1,
Serie A (Италия),13,Inter,76,2024/25+2025/26,2024-08-17,2026-05-23,6.08,3.29,9.37,16.07,5.57,2.643,48.7,C,True,462,250,1221,746,I1,
Serie A (Италия),14,Parma,76,2024/25+2025/26,2024-08-17,2026-05-24,4.13,5.42,9.55,10.92,3.32,2.643,48.7,C,True,314,412,830,1079,I1,
Serie A (Италия),15,Verona,76,2024/25+2025/26,2024-08-18,2026-05-24,3.97,5.18,9.16,10.39,3.18,2.616,46.0,C,True,302,394,790,1015,I1,
Serie A (Италия),16,Cremonese,38,2025/26,2025-08-23,2026-05-24,3.5,5.97,9.47,9.13,3.29,2.609,45.3,C,True,133,227,347,594,I1,
Serie A (Италия),17,Lazio,76,2024/25+2025/26,2024-08-18,2026-05-23,4.88,4.3,9.18,12.55,4.67,2.571,41.6,C,True,371,327,954,891,I1,
Serie A (Италия),18,Cagliari,76,2024/25+2025/26,2024-08-18,2026-05-24,4.32,5.08,9.39,10.99,3.33,2.546,39.2,C,True,328,386,835,989,I1,
Serie A (Италия),19,Udinese,76,2024/25+2025/26,2024-08-18,2026-05-24,4.58,5.04,9.62,11.54,3.83,2.52,36.6,C,True,348,383,877,1004,I1,
Serie A (Италия),20,Lecce,76,2024/25+2025/26,2024-08-19,2026-05-24,4.32,5.68,10.0,10.87,2.93,2.518,36.4,C,True,328,432,826,1016,I1,
Serie A (Италия),21,Monza,38,2024/25,2024-08-17,2025-05-24,3.58,5.11,8.68,8.76,2.74,2.449,29.6,D,True,136,194,333,563,I1,
Serie A (Италия),22,Napoli,76,2024/25+2025/26,2024-08-18,2026-05-24,5.49,3.33,8.82,13.28,4.45,2.42,26.8,D,True,417,253,1009,751,I1,
Serie A (Италия),23,Empoli,38,2024/25,2024-08-17,2025-05-25,4.47,5.11,9.58,9.61,2.89,2.147,0.0,D,True,170,194,365,504,I1,
